MonthYear,EventRootCode,AvgToneByEventRootCode,SumNumArticles
201811,13,-1.6028642898098922,274
201811,18,-5.4338434690798039,501
201811,02,-1.3011045368462826,2012
201811,04,-0.7067134373207381,9381
201811,08,-1.3908836660141217,987
201811,14,-4.5750763252033906,382
201811,19,-4.6617720584984781,980
201811,17,-3.7892870217879011,1432
201811,15,-2.89205269541057,49
201811,10,-3.7390829063959719,202
201811,01,-1.5363684750922533,4372
201811,07,-1.6358037416400226,1996
201811,09,-2.8759143433837728,2522
201811,12,-2.2313756921692907,564
201811,16,-4.1855269536724515,177
201811,11,-3.4758966478757363,1690
201811,03,0.37714283245418045,2589
201811,06,-0.38461008202203956,853
201811,05,1.6336177362267306,3010
201810,05,1.5741612413509853,19927
201810,03,-0.4536202132128847,18027
201810,04,-0.34868186157053993,71316
201810,01,-1.8598873905924296,31766
201810,12,-2.59382311899083,5299
201810,17,-4.4103143912552722,7056
201810,08,-0.99604185919195487,6308
201810,16,-2.9556878786448113,1383
201810,20,-0.53000842200367282,16
201810,02,-1.3765610838959572,17147
201810,06,-0.36162666428440859,6602
201810,19,-4.5771897392138925,6868
201810,18,-5.6516351181304989,2546
201810,11,-2.6671564992071208,9841
201810,07,-1.3787204033231186,15911
201810,13,-2.0708778529305918,3238
201810,15,-1.7300351924017856,447
201810,10,-2.5120661241746975,1656
201810,14,-3.7894713047891297,3069
201810,09,-2.7304206429918234,9787
201809,15,-1.216196141836912,330
201809,12,-1.797358606568638,4128
201809,13,-1.9123776974296673,2064
201809,01,-0.83074249345930851,22485
201809,19,-4.6362993218070709,5390
201809,10,-2.2128370110662159,1236
201809,02,-0.53173616802930823,11620
201809,08,-0.90291197409971757,4784
201809,03,1.1656967647587855,13162
201809,07,-0.44300209418464587,8015
201809,20,-2.04125138735511,22
201809,09,-2.1049228188682121,4955
201809,14,-1.8633755074846496,1002
201809,04,0.55481738718415574,48927
201809,11,-2.1035757232091581,7555
201809,06,0.281133400216449,4450
201809,05,2.5615848245157822,17356
201809,16,-1.6493460198105958,712
201809,18,-5.2620011408481382,1745
201809,17,-4.8255474991520044,7101
201808,07,-0.9380103796456315,9537
201808,14,-2.451277271632855,724
201808,08,-1.2064941982045088,7407
201808,12,-1.7386973616985786,4378
201808,16,-3.5163555128722868,1135
201808,03,0.82371476337941441,12922
201808,06,-0.38787686945446892,4734
201808,10,-1.2487260790836341,1195
201808,01,-1.1242141527502911,27498
201808,18,-5.6042700774148591,2119
201808,17,-5.3328527081823145,9933
201808,19,-4.5549126676452,7397
201808,09,-1.7606196668000074,5316
201808,20,-3.3374281427557317,28
201808,13,-1.0523888503721919,2507
201808,04,0.19103815545646363,50430
201808,15,-3.1433208213605619,347
201808,05,2.1567241638758654,18782
201808,02,-0.84419203026270606,13249
201808,11,-2.7251938281290076,10284
201807,03,0.78606387158559121,12512
201807,08,-0.91850147084134626,5436
201807,19,-5.9609611628645469,7768
201807,14,-2.6430441105462013,547
201807,12,-1.6096033221760142,3905
201807,10,-1.8187065811616607,1131
201807,18,-6.2581714606830223,2423
201807,09,-2.7247382604010237,6309
201807,01,-0.82921297129528482,21814
201807,04,0.39039264406812957,46036
201807,02,-0.3480228149132894,10889
201807,17,-5.4596962937864078,7997
201807,07,-1.0294202440536444,7025
201807,05,1.9253004075918663,16910
201807,11,-2.2705935233257803,8658
201807,13,-1.7926026980329741,2665
201807,06,-0.345409236258848,4918
201807,15,-2.2534154539703941,433
201807,16,-3.2084866549645339,969
201807,20,-3.8673814705068397,28
201806,12,-2.6775451727742658,3633
201806,02,-0.83772222474641733,10073
201806,13,-2.8327225500079329,2036
201806,11,-2.6109759993492481,6804
201806,09,-1.6702547407540476,6793
201806,03,0.5486105929495223,9340
201806,18,-5.9344242612044891,1566
201806,20,-6.6243748934794269,41
201806,01,-0.89317917355585463,19052
201806,08,-0.22308337885501794,5399
201806,04,0.0387611982520543,42653
201806,19,-5.8020563275728172,6412
201806,16,-3.1190816821622733,1223
201806,07,-0.35231787093258571,5492
201806,06,-0.49957043199575124,3641
201806,10,-2.4801822498950843,1143
201806,05,1.8566348255075269,15941
201806,14,-2.638147760389864,395
201806,15,-2.5922631917280334,463
201806,17,-5.7238680651971858,6578
201805,06,-0.17503992285404307,5383
201805,02,-1.4864771106212853,13760
201805,08,-1.5488905581676302,5039
201805,11,-4.438011170448485,11346
201805,07,-0.55933882616495745,6863
201805,20,-4.4917218537447869,30
201805,09,-2.1118708288764281,5985
201805,19,-7.1173399150741279,13962
201805,04,-0.17065737758151997,56326
201805,15,-2.7828066600354089,1029
201805,18,-6.9595819981456755,7759
201805,12,-3.6360540888402864,4359
201805,01,-1.9747238385167298,26655
201805,14,-3.4344044074767877,1589
201805,05,1.3607769398802969,18846
201805,17,-6.2920360827760664,7672
201805,03,0.70980731659456409,13064
201805,10,-3.4192179610061513,1426
201805,13,-4.384035386309157,2993
201805,16,-3.32047509389368,1118
201804,19,-5.4835809148216059,7293
201804,12,-1.9969642421171905,4140
201804,02,-0.83501784333880269,12700
201804,07,-0.42328587805836981,7001
201804,06,-0.10162394117396177,4792
201804,03,0.69122340726885834,10998
201804,16,-2.3154114902952423,1374
201804,01,-1.0023708270860605,24181
201804,09,-2.3447708199418464,5696
201804,05,2.036113850640684,16722
201804,04,0.3625926654212509,49762
201804,10,-2.3540669532522789,1763
201804,20,-3.9085100600094997,4
201804,15,-0.27140161777604488,346
201804,13,-1.7519703180589115,1733
201804,08,-0.72036779473460288,4787
201804,18,-5.7873647850603662,2078
201804,14,-1.3086214411928643,1358
201804,17,-5.1136185050132212,7880
201804,11,-2.6513207994952595,9195
201803,06,0.11136386676933223,5414
201803,03,0.84091117007153471,11912
201803,15,-2.2438572188939916,305
201803,17,-4.9700701541948975,8377
201803,09,-2.0206983453080176,5771
201803,13,-2.5004901964194355,2254
201803,12,-2.3769893004559939,4764
201803,11,-2.7385611075254181,9522
201803,01,-1.0014002669979991,23174
201803,14,-0.36313992568184617,2595
201803,10,-2.3595785040843493,1649
201803,07,-0.67601924110001343,7719
201803,05,1.8348857238919816,18500
201803,18,-5.7427246068146056,2003
201803,19,-4.8601235854304718,7955
201803,04,0.43812903558943816,50123
201803,08,-1.2449578343196521,5339
201803,16,-2.2030822295819723,1492
201803,02,-0.91079437443166256,12891
201802,08,-1.0581862256470789,4958
201802,09,-2.4127490787510717,5623
201802,04,0.04375412311161421,46613
201802,10,-2.5079006150223,1443
201802,01,-1.4490007974886392,21426
201802,14,-1.38116298040038,1003
201802,18,-5.39007791480945,3670
201802,13,-1.9969532621179857,2609
201802,17,-5.5370405453787965,7868
201802,12,-2.5782422562963232,3850
201802,15,-2.3628551812779324,454
201802,19,-5.7600839278037226,7621
201802,11,-2.8665034491473085,8865
201802,05,1.5971462176716529,16861
201802,20,-6.2637406161645623,17
201802,02,-1.2759424267443042,10615
201802,06,-0.45861475067076946,4507
201802,16,-2.7852071778387022,746
201802,03,0.42761618738210877,11134
201802,07,-0.502284830843833,6134
201801,12,-2.3115474413815096,5161
201801,10,-1.2929477273522247,1376
201801,13,-1.1050853226848738,2690
201801,07,-0.17498493515371616,7446
201801,19,-4.7205425384069626,6190
201801,05,1.9187664101511004,17741
201801,18,-4.8502306790883143,1990
201801,03,0.765857447956245,11712
201801,16,-2.3355121082599362,800
201801,14,-2.74334891582847,1103
201801,02,-0.51954295382557081,12472
201801,15,-1.755809232450591,272
201801,11,-2.20124862128802,8883
201801,17,-5.047005148525483,7511
201801,20,-5.46525155688854,6
201801,04,0.26062474841256711,47999
201801,08,-0.64232310386978608,6188
201801,09,-1.6582889376174019,5817
201801,06,0.23428723390365797,4465
201801,01,-1.0264541378718586,22856
201712,02,-0.85673380386468068,10687
201712,11,-2.4618244178731352,10689
201712,07,-0.23418253233245745,6178
201712,08,-0.84671473454327773,4087
201712,04,0.1038348744616257,43341
201712,03,0.84582192377789778,9321
201712,13,-1.9761709199173025,2745
201712,01,-1.048090966076112,20711
201712,15,-2.1104893963670603,605
201712,18,-5.62365025073125,1369
201712,17,-5.3434527568650729,7246
201712,09,-1.7009913104485439,4816
201712,20,-6.6402179400737067,30
201712,12,-2.0496343359555693,5390
201712,16,-3.3598329804025027,1819
201712,19,-4.8472288846559319,5506
201712,05,1.7717768815040715,18090
201712,06,-0.25452304685060712,3571
201712,10,-1.5192711058745343,1083
201712,14,-3.6085670900425537,4520
201711,20,-2.2284122562674,4
201711,05,1.7753528462547625,18753
201711,02,-1.0388037952200522,13451
201711,14,-1.5505230122893376,860
201711,01,-1.3656026634869189,23942
201711,03,0.61267788147910174,12583
201711,07,-0.24667380170427136,7408
201711,10,-2.6164536701381356,1611
201711,11,-2.6355715900158962,9062
201711,19,-4.8916203386987416,9027
201711,15,-3.9276160363674562,316
201711,16,-4.1235670411090073,3141
201711,09,-2.0472660710055086,5788
201711,06,-0.61047534582732443,5245
201711,18,-6.05631799567712,2144
201711,04,0.14054058938411434,54248
201711,12,-2.1141973273678567,4552
201711,17,-4.5431922301407459,7721
201711,08,-1.4095449358245629,6002
201711,13,-3.00179863485778,3185
201710,12,-1.9123147725979781,6610
201710,18,-5.6781352320839034,2713
201710,08,-0.4068975572771823,4974
201710,02,-0.80978540399113508,13687
201710,04,0.11989866238398214,55795
201710,05,1.5901666537195756,19463
201710,14,-3.0844347785106261,1459
201710,01,-1.2041017518122923,25426
201710,10,-2.0591263313830046,2140
201710,09,-2.2144165650738734,5745
201710,06,-0.49217222973493,5174
201710,17,-4.30806076314069,7855
201710,11,-2.9789753382042581,8811
201710,03,0.90556746909151375,11503
201710,19,-5.1093547925955622,10350
201710,07,-0.48985333419342864,7363
201710,13,-1.7071289272657111,2358
201710,16,-2.6790654902139956,948
201710,20,-5.6814299728761322,94
201710,15,-1.9853055878384935,354
201709,20,-3.90621856935006,64
201709,15,-3.228240746136064,1112
201709,08,-1.1281417536616976,5592
201709,19,-5.2046926284092505,8012
201709,09,-2.0409381516475626,5633
201709,03,0.1403253480782761,11924
201709,10,-2.6167991037170748,2067
201709,14,-4.5829789656859843,2795
201709,02,-1.4117017397674567,14335
201709,01,-1.3314363293701861,23315
201709,07,-0.44815750247017877,9070
201709,05,1.7663706555161192,17522
201709,11,-3.0240036463742461,10275
201709,17,-5.1252873060337754,7984
201709,16,-3.3363574643624569,1380
201709,04,-0.28401626164392535,52874
201709,18,-4.8483207322336677,2562
201709,13,-2.6238321991172389,2680
201709,12,-2.11281776643083,4664
201709,06,-0.24696968767015923,5208
201708,19,-5.0721589531022939,7857
201708,10,-1.8634966429857227,1384
201708,16,-1.6844453989828245,731
201708,11,-2.4763250536677019,8058
201708,07,-0.56221688966975591,7390
201708,09,-2.546371347880418,5961
201708,13,-2.3438212916306114,2530
201708,18,-5.3788445198274832,2303
201708,03,0.807730638635785,10753
201708,14,-2.7937858759142871,995
201708,12,-2.0917054819924945,3923
201708,06,-0.80845573522490022,4832
201708,08,-0.26783551987524656,5011
201708,17,-4.9802137779851545,7609
201708,01,-0.62987795480195086,22878
201708,04,0.34620053085730829,49594
201708,02,-0.73047128353649959,10937
201708,15,-3.2563293134930054,341
201708,05,1.78597547649322,17512
201707,09,-2.1930999784136884,5760
201707,19,-4.6890984409088743,9588
201707,17,-5.2022672424885945,8801
201707,08,-1.0852722241125212,4421
201707,03,0.47805322876314388,11139
201707,02,-1.5555444137559937,12166
201707,18,-5.5163258786780194,2823
201707,05,1.3113741892936952,15255
201707,16,-2.3583086059792135,1360
201707,06,-0.81537544953940522,4200
201707,07,-0.16437612679000191,6593
201707,14,-3.4579840839710836,1342
201707,15,-2.6027515262071046,431
201707,12,-2.8428475819725989,5427
201707,10,-3.3328700271528668,2045
201707,01,-1.6949134173024947,23630
201707,13,-2.436554053032439,2380
201707,04,-0.40397491175027567,51773
201707,20,-6.49122807017544,4
201707,11,-3.4715564465220856,10186
201706,12,-2.8680346355750954,3846
201706,08,-1.6796992012707395,5593
201706,13,-3.1838498814532037,2192
201706,03,0.12733274524989255,11776
201706,19,-5.7327150011113295,10269
201706,02,-1.5286205163073268,12338
201706,15,-3.6437833797626933,1300
201706,17,-5.0699800066332745,9523
201706,11,-4.042593564462984,8564
201706,16,-1.4732327510856646,1182
201706,09,-2.5010278214888326,6670
201706,06,-0.71663897164380841,4126
201706,07,-0.59055158180024991,6003
201706,10,-2.1709316543954928,1391
201706,05,1.1846511061847937,16773
201706,01,-1.6166537775663063,21618
201706,04,-0.20726404781188024,49726
201706,20,-6.1750640584574246,6
201706,18,-6.3916060508463568,3556
201706,14,-3.8726491815834647,657
201705,03,0.61939357790217775,12279
201705,01,-1.9460839410114554,26380
201705,12,-2.7655224383958426,5346
201705,13,-3.6486242376825384,2672
201705,02,-2.1745318268462284,15370
201705,11,-3.8242173398475536,11464
201705,07,-0.26964366833232123,6165
201705,18,-6.33573095521709,4964
201705,20,-3.57848505791018,24
201705,05,1.2655557080547546,18914
201705,09,-2.6153634935980237,6871
201705,19,-5.1914171535876728,13613
201705,10,-3.1282485748501463,2136
201705,14,-3.1576792379867551,1756
201705,08,-2.058765568925236,6770
201705,17,-4.9250774303822658,16177
201705,16,-3.4834324813738751,1437
201705,15,-3.341626959149258,889
201705,04,-0.25783526510845861,58305
201705,06,-0.56535247208721406,5025
201704,08,-1.1811677938089276,5446
201704,12,-2.0996472150055294,5113
201704,18,-6.3561679465134659,3347
201704,01,-1.3369813233896559,25696
201704,13,-2.49311787192013,2331
201704,04,0.012064242204883162,60848
201704,20,-3.4538567493112935,20
201704,15,-2.2942368172323331,546
201704,16,-2.7605098208857903,1083
201704,14,-2.1307593038796679,1596
201704,11,-3.2784256937526166,11136
201704,09,-1.8605405702071873,5630
201704,10,-2.7595165655418623,1758
201704,19,-5.6680534958213817,10135
201704,05,1.6381009007374796,18609
201704,02,-1.43199510100694,13373
201704,17,-5.1058231774967924,8904
201704,03,0.35321414738659634,14332
201704,06,-0.13683460686688956,6205
201704,07,-0.23566925633728766,6860
201703,15,-1.3283257780012676,737
201703,12,-2.1911156364760309,5600
201703,05,1.9462950442262383,24188
201703,17,-5.4692968502318138,13472
201703,20,-3.7838414548789436,6
201703,14,-1.4756245994280033,3562
201703,10,-2.1068172209118972,2046
201703,18,-5.4400061306547709,3483
201703,06,-0.34984225062556079,6783
201703,13,-2.13660562399457,2569
201703,16,-2.3331824818331954,952
201703,07,-0.513373070266286,9133
201703,11,-3.1123846974381513,12025
201703,02,-1.2355526091585149,16108
201703,01,-1.2199009973650312,29627
201703,08,-1.0861034235739493,6532
201703,19,-4.7907389624813241,11537
201703,04,0.60688204399900469,77359
201703,03,0.8719613439658358,18801
201703,09,-1.7083082093606956,6079
201702,15,-1.1050976571840307,607
201702,01,-1.6850944575179883,27221
201702,20,-4.12393496104257,20
201702,08,-1.2562738608228059,6511
201702,13,-2.24227122345875,2539
201702,02,-1.2173820236047919,14467
201702,10,-2.3547725955214323,2036
201702,16,-2.4206766662413921,1497
201702,12,-2.4214874391143497,5318
201702,03,0.40543254087479907,16386
201702,19,-4.7942848588378215,10641
201702,11,-2.9278914838247374,10347
201702,18,-5.2715524545252936,2880
201702,06,-0.63326439759519071,6111
201702,09,-2.4789403836163006,6761
201702,05,0.95662874820924215,19230
201702,14,-2.7382816508524925,2814
201702,17,-4.9487712367025551,9822
201702,04,-0.17825455969767148,58579
201702,07,-0.91945099395551355,8149
201701,19,-5.1012855473078238,9501
201701,16,-2.9210054099253635,3934
201701,18,-5.0698529351686963,2801
201701,01,-1.5787308130915751,28054
201701,07,-1.1122030258784876,8237
201701,15,-2.384728162389115,791
201701,06,-0.95790658219754665,5541
201701,11,-3.2724186767103078,11726
201701,20,-5.18582052739405,33
201701,17,-4.8080273196659569,9731
201701,03,-0.10345062604813667,12543
201701,09,-2.4106676028085778,7422
201701,12,-2.4491199993114088,5736
201701,04,-0.7689831552722457,55260
201701,13,-3.2158129028162983,2488
201701,08,-1.1330014211922106,5685
201701,05,1.0382721629795812,17669
201701,14,-2.8157855329299744,1686
201701,10,-2.3244361087323497,2331
201701,02,-1.2303524460949848,13666
201612,05,1.0943263976763853,18786
201612,13,-3.930677784096027,3116
201612,09,-2.7254425033425251,7563
201612,17,-5.5441490940397431,12599
201612,12,-2.8335975033299947,5032
201612,07,-1.5039649547948755,9882
201612,01,-2.1568321417143355,27362
201612,18,-5.70755760538612,3581
201612,03,-0.15275494271134385,11762
201612,14,-4.7762965515424289,2606
201612,06,-0.735923333531411,5348
201612,08,-2.067844261816723,6254
201612,15,-3.1017229224476539,1174
201612,04,-0.61770626479775026,54192
201612,19,-6.2067789196009011,12385
201612,10,-2.3449994492472781,1911
201612,11,-3.7469218943842839,11289
201612,20,-4.1363727451286731,79
201612,16,-2.7583316111921858,1240
201612,02,-1.4690098883358931,14601
201611,05,0.88879255386474465,18816
201611,13,-3.229273718912034,3361
201611,06,-0.70286973706075062,5752
201611,10,-2.9802437032102529,2304
201611,11,-3.6263702948224421,11890
201611,17,-5.59874517027337,10843
201611,04,-0.386665815799992,60948
201611,20,-6.0584689808788248,117
201611,07,-0.86705292264029932,8272
201611,03,-0.048016897727737283,13098
201611,02,-1.3107547394941763,16110
201611,12,-2.7445360644275736,5674
201611,01,-1.72714505137232,28710
201611,15,-3.2302497446102705,796
201611,09,-2.648971437482317,7045
201611,08,-1.8389929871666681,5604
201611,14,-4.2999307361339065,5104
201611,16,-5.069953236873542,2835
201611,19,-5.1065113275435925,9603
201611,18,-5.1853526217171817,3459
201610,12,-1.9754518830478194,5221
201610,19,-5.4741464833628939,11776
201610,11,-3.3669369169945265,11231
201610,09,-2.4724115463562959,7003
201610,17,-5.2808801548687985,9885
201610,07,-0.46775374777902157,8407
201610,08,-1.766545840193088,6630
201610,06,-0.20523713963543852,5488
201610,03,0.57845917891872567,12955
201610,20,-6.9438677830662314,35
201610,01,-1.3647039621846822,26238
201610,13,-1.9791987761388592,2801
201610,05,1.327306635551027,19021
201610,16,-2.7509797741640543,1069
201610,18,-6.0841254224453554,3747
201610,14,-3.0399433526134088,1536
201610,15,-1.6905655849771881,1266
201610,02,-1.2368205552927509,14613
201610,04,-0.29920286410839364,57883
201610,10,-2.2581405150445431,1693
201609,11,-3.1002868303234234,12241
201609,14,-2.1997310538759636,1191
201609,10,-2.608246919543395,1842
201609,18,-5.9386232074068008,4073
201609,16,-3.1833988422005741,1274
201609,02,-1.0564103196121295,16633
201609,08,-1.8933608184805364,7220
201609,03,0.047905107016143533,15557
201609,06,-0.50000268905076928,6065
201609,17,-5.0784202646829115,10591
201609,13,-2.6149680105388047,2690
201609,19,-4.897130235302189,10906
201609,12,-2.9534646231927217,6297
201609,07,-1.0974216218361692,9205
201609,15,-3.6403203329122649,461
201609,04,-0.58792620749960223,58073
201609,01,-1.821328313923535,26210
201609,20,-5.31835205992509,10
201609,09,-2.7148515244652685,7489
201609,05,0.79979942414772054,21285
201608,09,-2.57859892951444,7938
201608,08,-1.3286589683321359,8018
201608,03,0.066388107576456717,17424
201608,15,-2.3023393610529395,773
201608,14,-2.3856048424209648,1116
201608,13,-3.400853692447845,4073
201608,07,-1.244720319797997,9611
201608,20,-3.87937137193827,4
201608,11,-3.3044638437525342,12765
201608,10,-2.8966514913565575,1843
201608,04,-0.30911098435324319,62529
201608,12,-2.362692543808564,6833
201608,05,1.339523344460964,21475
201608,19,-5.44015389982208,14380
201608,18,-5.7735053401559044,5423
201608,17,-4.8792566126048031,14793
201608,02,-1.2302169085485188,16831
201608,01,-1.5086887338597101,31405
201608,06,-0.9501489871686184,6646
201608,16,-2.3374085300334322,1355
201607,05,0.724121802814967,18069
201607,02,-2.0523068380376164,14781
201607,17,-5.488695653991619,12425
201607,11,-3.6657820507889913,10910
201607,10,-3.2498590584070763,1910
201607,13,-3.6374150458647612,2315
201607,14,-2.8677128473739382,908
201607,12,-3.1453161026932794,5866
201607,09,-2.1108886436941057,6404
201607,03,-0.045383320290533234,12254
201607,20,-5.6254968538205379,24
201607,18,-5.9687949190081051,6206
201607,15,-3.5253235139540915,1221
201607,07,-1.3840974778858164,7859
201607,01,-2.0698822591108597,24947
201607,04,-0.82052981025608618,50947
201607,19,-5.4712801455642834,9799
201607,08,-1.9027358151113873,5894
201607,16,-3.7370592144934482,1047
201607,06,-0.9408098149114722,4573
201606,06,-0.92563563646986091,5882
201606,03,-0.25283962219779066,12623
201606,05,1.0469335550032766,18509
201606,20,-4.474505723205,4
201606,17,-4.8436037250784745,11103
201606,16,-1.1667781551618852,1073
201606,14,-3.6430185534838562,1133
201606,04,-0.62384690062086157,51837
201606,10,-2.6725030087895338,1719
201606,19,-5.0317905612247493,11829
201606,15,-1.4687425757396197,626
201606,01,-1.8057934120195376,28852
201606,11,-3.3330007857129686,11434
201606,08,-1.520694369805093,6123
201606,09,-2.2452651902757772,7343
201606,07,-1.1809785180221275,10481
201606,13,-3.3880957936394536,2684
201606,18,-5.4211762186095278,4731
201606,12,-3.312951702420587,7236
201606,02,-1.5572583554072705,15707
201605,14,-2.8936291579930309,1941
201605,12,-2.3639314238628537,6223
201605,01,-1.5670181564097112,29105
201605,03,0.094140078779154659,15043
201605,16,-1.8441759268750433,1302
201605,07,-0.92027208612260947,10510
201605,17,-5.0489462589047,11510
201605,11,-3.2268635489700812,9978
201605,02,-1.2066570329890391,14717
201605,10,-3.649248919285168,3002
201605,09,-2.8006101985445326,7145
201605,05,1.2600440804691972,21642
201605,18,-6.3800213213594619,7759
201605,13,-2.1905435821933144,2905
201605,15,-2.6243509198241863,879
201605,04,-0.44699879707083584,63777
201605,20,-2.4422710619943153,16
201605,08,-2.0818699967465291,8713
201605,19,-5.5052912246963626,11283
201605,06,0.019998136373948015,6273
201604,06,-0.72861489004109015,5947
201604,01,-1.784649022526601,26394
201604,18,-5.149373301125542,4075
201604,04,-0.61173724937574181,60427
201604,02,-1.6995193228671284,14245
201604,13,-1.9045362805181216,2474
201604,07,-1.6906933677376828,10312
201604,12,-2.5000570770458004,5917
201604,05,0.92964502698572049,17994
201604,10,-2.324646837518769,2113
201604,08,-1.7569805968550989,6489
201604,16,-2.4038698182571996,1271
201604,17,-4.6127864843374811,11421
201604,09,-2.7587346574012086,6979
201604,20,-5.5793991416309,10
201604,19,-4.5069985922790874,8633
201604,14,-2.1624824215074292,1699
201604,11,-2.9496232302613157,10712
201604,15,-3.5994727956616268,877
201604,03,0.1102326769913293,13685
201603,10,-2.3985422498788189,2294
201603,11,-3.4829997699857747,12108
201603,12,-2.3477393482072748,7193
201603,03,0.44846105877326781,16270
201603,01,-1.7242634367048477,29777
201603,07,-0.78823174265249207,10091
201603,04,-0.41221026551244244,64106
201603,06,-0.49249196401170731,6459
201603,16,-1.9189437153971705,1285
201603,19,-4.97004643112829,10328
201603,14,-1.5051633202084702,3704
201603,13,-2.0363081207872247,2873
201603,18,-5.5927127985805489,3619
201603,15,-2.7191533125575487,660
201603,20,-2.40549828178694,5
201603,17,-4.7759173793013918,10608
201603,02,-1.4422731259746513,16846
201603,05,1.1258719842641314,20301
201603,08,-1.5156341231835111,6352
201603,09,-2.8286438907017493,7376
201602,18,-6.2009766600076555,2744
201602,11,-3.0998334166209935,10319
201602,16,-2.3876485610805087,1034
201602,05,1.027584142396492,19232
201602,13,-3.2133862516581493,3189
201602,12,-2.5522032461603996,7937
201602,03,0.28461765249434146,13287
201602,08,-1.9705265398159928,6068
201602,19,-5.1531305987915017,9956
201602,02,-1.2801306292847803,14902
201602,07,-1.0405495656253763,8360
201602,04,-0.35945122332046764,52308
201602,15,-3.6764385571830811,506
201602,09,-2.3638721421652718,6543
201602,06,-0.8109049961149527,5011
201602,14,-0.936938477908128,1448
201602,01,-1.721899690683534,26477
201602,10,-2.7056544536888496,1835
201602,20,-3.2155630781653786,38
201602,17,-5.2626543738462805,10107
201601,20,-2.38196527789288,18
201601,10,-2.1070454761982447,1551
201601,01,-2.95619032463495,26109
201601,07,-1.6509553415774663,7106
201601,15,-4.8791713668642727,1875
201601,02,-2.0163770518683983,12415
201601,03,-0.33449178880779246,10630
201601,11,-4.990909689265437,11771
201601,13,-5.6941972425897278,3455
201601,17,-6.012376716964587,11078
201601,06,-1.5359633835948114,5019
201601,12,-3.2137542621349251,5510
201601,19,-6.5895797616055916,15152
201601,04,-1.311061713796869,44430
201601,18,-6.3254124526853355,5593
201601,16,-4.0824275062931719,1169
201601,09,-3.4381022815286415,5434
201601,05,0.1728099844882921,12438
201601,14,-4.400446783565009,937
201601,08,-2.4351436446598176,4555
201512,06,-0.82216719361315693,4908
201512,03,-0.18827699401656661,10035
201512,02,-1.4793439560459871,11580
201512,16,-3.2920177394269707,822
201512,20,-5.8205244534376561,48
201512,09,-2.53112057183109,5738
201512,10,-2.2564634205038563,1295
201512,17,-4.99833750635081,8726
201512,14,-2.6663838481946289,768
201512,08,-1.7428988802222134,4745
201512,13,-3.637116643707528,2709
201512,05,0.71870270188603869,13874
201512,18,-5.634559926540895,1912
201512,01,-1.822191530328813,21363
201512,11,-3.0730630181844485,7977
201512,19,-5.1677603363981461,7294
201512,04,-0.86627610203120875,39693
201512,07,-1.2110845594264037,7474
201512,15,-2.45352270885324,1614
201512,12,-2.3166551509839786,4713
201511,11,-3.651615303989729,9811
201511,18,-5.8539884031778531,3026
201511,01,-1.9333154326164259,23877
201511,08,-2.52383670093277,5266
201511,03,-0.2420464870679688,13250
201511,02,-1.7186534417147283,12899
201511,13,-2.4925391486131354,2319
201511,19,-5.0435809290728066,7814
201511,09,-2.9559290264359195,5718
201511,15,-3.2605613484767773,744
201511,17,-5.129352020078108,9779
201511,16,-3.1154877969768808,2346
201511,14,-2.8745101714691854,772
201511,20,-3.893434600477625,20
201511,05,0.82752473592233022,15516
201511,10,-1.9183901919951609,1653
201511,12,-2.5128968930172304,5387
201511,06,-1.0432518818069958,5368
201511,07,-1.5233137698692292,8361
201511,04,-0.74526067863937906,53664
201510,10,-2.9400762499146715,1909
201510,05,0.33151049240796349,15954
201510,13,-2.5670103943592468,1774
201510,16,-3.6514515475952636,1920
201510,14,-3.2564195177819895,1164
201510,20,-3.1455343073518707,73
201510,11,-3.2475217564285512,8637
201510,01,-2.59853882787116,24255
201510,07,-1.59451848243714,8195
201510,04,-1.1916432863041377,50434
201510,19,-4.9738906738202795,10790
201510,03,-0.7027323704881836,14257
201510,17,-5.0526415366550523,9531
201510,02,-2.0372098506663137,14104
201510,12,-2.4615024584822143,5018
201510,06,-0.95328820160910477,4757
201510,09,-2.8700901288080365,5748
201510,08,-1.9373704879937319,4841
201510,18,-5.8433648404609055,2698
201510,15,-3.9216663907623515,675
201509,11,-3.2515718518704233,8996
201509,05,0.46708772136345533,14200
201509,17,-5.1172590650054328,7244
201509,14,-3.1445023435906716,945
201509,12,-2.6635338983573051,4929
201509,10,-2.7179698172846019,1562
201509,02,-1.4691123338645882,11169
201509,18,-4.9931121309066073,2132
201509,16,-2.7283275582289228,1235
201509,09,-3.2799654854730576,5792
201509,20,-0.18824762181875992,28
201509,19,-4.6579588217744616,8416
201509,04,-0.77611927724764507,48563
201509,15,-3.7116452770789321,637
201509,03,-0.021830453771181917,11939
201509,08,-1.8192282715877923,4527
201509,01,-1.7739675549622687,22041
201509,07,-1.410849934289246,8301
201509,06,-0.92185596647499468,4928
201509,13,-3.4329543489558381,2474
201508,09,-2.5708861673538026,5914
201508,03,-0.39670825654466596,10572
201508,06,-1.2084854003787426,5306
201508,13,-2.6592241321531391,2181
201508,20,-4.3318636148049263,12
201508,19,-4.8380553148925243,6619
201508,07,-1.5146483794313759,8598
201508,05,1.0295767602304393,12107
201508,16,-2.91045017961053,1257
201508,04,-0.531107900925265,42549
201508,11,-2.5610607501852551,8258
201508,15,-1.8685544131176484,539
201508,14,-2.7142640844024597,1047
201508,10,-2.1188742703599033,2000
201508,01,-1.4779422551742087,21728
201508,17,-5.1713189166832843,7452
201508,18,-4.8251067561654413,1458
201508,08,-1.7816652253891958,5357
201508,02,-1.2847473013643984,11708
201508,12,-2.3342177262120032,4718
201507,07,-1.234074260788548,6555
201507,11,-2.8271382979803668,6594
201507,01,-1.9577573857402955,19194
201507,13,-3.0667302690021754,1521
201507,10,-1.9013480092678117,1619
201507,06,-0.79478975036321131,5434
201507,02,-1.6215005971005385,9882
201507,17,-4.9465221393602459,6552
201507,05,0.58179216051536542,11721
201507,09,-2.7111249589556894,5353
201507,12,-2.4074983291910339,4038
201507,16,-3.5537254960879445,2413
201507,08,-1.3812326961914689,4084
201507,15,-1.8343410896274646,468
201507,04,-1.0412069455459039,42030
201507,14,-3.0472396395703738,618
201507,18,-4.8193330406968746,1808
201507,19,-4.93791870017678,6265
201507,20,-2.5514443523432151,22
201507,03,-0.53391117450735737,10351
201506,17,-4.7862264483967607,6284
201506,11,-3.5864109868521923,7472
201506,06,-1.0400109645194779,3736
201506,16,-3.7609190523153146,1267
201506,13,-3.1238457945556664,1466
201506,01,-2.5751032974907404,19074
201506,19,-4.78096847027859,6078
201506,08,-2.2817589185649894,3472
201506,10,-3.3923111334815115,1752
201506,09,-2.9697194027743357,5181
201506,15,-2.6016640421278123,187
201506,03,-0.64002454530143826,7829
201506,04,-1.5296877651920744,35600
201506,07,-1.7345808950016073,7331
201506,18,-4.9716625628139886,1812
201506,02,-1.8082711849386528,10390
201506,14,-3.1598526805454545,409
201506,05,0.56587069367857679,10373
201506,12,-3.229385021228758,5521
201505,18,-4.7905586770848938,3099
201505,06,-1.2259032937072534,4796
201505,20,-5.6189127820003995,47
201505,01,-2.677209146759095,25182
201505,07,-3.4187196365270491,17553
201505,03,-2.1997098530959138,15735
201505,02,-2.3866169513682665,13972
201505,08,-3.3512042581540835,6394
201505,12,-3.5712245329214318,7746
201505,13,-3.1345083152714746,3316
201505,19,-4.7988661344051664,6068
201505,17,-4.6308771603204395,10728
201505,11,-3.637047673650831,8735
201505,14,-2.8727309101975762,1200
201505,16,-2.897789989889882,1768
201505,15,-4.7137668816276266,292
201505,10,-3.7191964410791147,2006
201505,09,-3.184746289720469,5562
201505,04,-2.4782846286485904,59068
201505,05,-0.511754413178616,13408
201504,20,-3.0802650753477741,20
201504,17,-5.4696535282326488,22153
201504,18,-4.9934546290815014,7782
201504,13,-4.0957059714629356,3102
201504,09,-2.8344656681288614,4305
201504,15,-1.3637796493329202,595
201504,01,-2.5843787381328656,29479
201504,04,-1.3780872779411579,60563
201504,02,-2.7118292945633535,18888
201504,08,-3.3315886020027281,6292
201504,07,-1.2860590463406334,6953
201504,16,-4.0175482891663661,4817
201504,11,-4.334834834365366,14137
201504,14,-4.4143430666796233,1874
201504,12,-4.3373594750602606,12509
201504,10,-3.0022759529659049,2510
201504,06,-0.95018713915515784,4365
201504,03,-0.69109165901120073,14012
201504,05,0.26316001047183341,14804
201504,19,-5.5081276200653138,9227
201503,19,-4.7642680823980736,6981
201503,12,-3.9533305476556362,7307
201503,08,-3.3014210371313792,5590
201503,09,-2.743238069984264,5452
201503,05,0.19457393416032151,10959
201503,04,-1.0004283122659614,44786
201503,18,-4.7662372366151509,2873
201503,16,-3.0777942077821052,2189
201503,03,-0.39386222167395735,12763
201503,14,-2.1773350085135386,1495
201503,10,-2.5818680719442426,1335
201503,15,-2.0289137525685939,591
201503,02,-2.3415716119270487,13326
201503,11,-3.3098476206294443,8914
201503,01,-2.1458991946600778,23508
201503,13,-3.4804492871875694,2318
201503,20,-4.4810196862739495,42
201503,07,-1.2163277804829997,6186
201503,17,-5.1858838752033876,13838
201503,06,-1.5120485266374017,4922
201502,20,1.68539325842696,8
201502,06,-1.6660341376321326,1618
201502,14,-1.8099618515753757,1033
201502,07,-0.9895239542325549,1806
201502,11,-3.5550597874903711,3731
201502,18,-4.9861770511992889,1707
201502,19,-4.6086641673977669,2255
201502,16,-3.3188316704656677,1350
201502,05,-0.24529651631877339,4396
201502,10,-2.7754369081583015,621
201502,13,-3.0766029859693265,872
201502,12,-3.9904202943346183,3712
201502,01,-3.0579758281120446,8022
201502,15,-1.7611333637119631,143
201502,04,-0.98033728442891388,14619
201502,02,-2.4441259630651269,5215
201502,03,-0.30272847453551333,3250
201502,17,-5.1546799140362,5278
201502,08,-2.8006184788299184,1548
201502,09,-2.8366590252361026,1892
201501,05,1.9213083474215096,244
201501,07,-0.53600791577873763,95
201501,17,-3.9321376470000531,204
201501,06,-0.6353922641539107,125
201501,14,-1.3425248598622725,26
201501,16,-2.7273784091254716,89
201501,10,-4.164060337931847,6
201501,01,-1.8823189477440339,204
201501,19,-6.7355948321854386,177
201501,04,-1.8529095966309932,550
201501,11,-3.8877871149946315,153
201501,12,-0.75307778652952562,57
201501,18,-4.1612692927227144,140
201501,09,-3.0662325251317144,41
201501,03,-0.60265729431390247,111
201501,02,-3.3662067116181675,50
201501,13,-7.2470642302639661,57
201501,08,-4.9860631398652595,70
201412,05,1.9309326501873183,221
201412,04,0.28400340401055785,428
201412,11,-1.1500467527513309,48
201412,03,0.40334022327803182,292
201412,08,2.5641025641025652,18
201412,18,-7.7431804869885328,30
201412,19,-5.1867764828225189,58
201412,07,-0.47820028224222921,95
201412,01,-0.5863648485333085,309
201412,06,-2.8619333672690948,138
201412,14,1.5748031496063,10
201412,17,-6.5045272946728829,61
201412,09,-0.60569940088564811,17
201412,02,-1.8544088273731318,48
201411,19,-2.588955324074087,34
201411,03,0.588449893939431,276
201411,05,1.2787693964268694,115
201411,01,-1.680598847929045,229
201411,17,-6.0991813429208683,150
201411,18,-5.0477250786334924,14
201411,08,-2.4975252551305505,27
201411,06,-0.063776220689308563,70
201411,12,-0.256443977962964,50
201411,16,-3.8739186345569303,15
201411,09,-3.0791004699037834,17
201411,14,1.37931034482759,10
201411,07,0.53890669365888511,175
201411,04,-0.20488829115479792,685
201411,02,-1.7949237842386949,162
201411,11,-1.9955212254544805,117
201410,19,-5.684447559828083,88
201410,04,0.11229970856449438,367
201410,05,-1.3299315206754805,73
201410,06,-2.1808177333205689,150
201410,10,-2.7308076660499268,21
201410,09,-0.89485458612975,10
201410,11,-4.3538697522800911,86
201410,01,-0.51793028803282326,133
201410,18,-5.9742406962419814,36
201410,08,1.8136038748403422,11
201410,02,-0.655934071895355,104
201410,17,-4.3126046538531106,87
201410,07,1.2704131210176661,86
201410,13,5.02793296089385,8
201410,12,-0.331516390807485,55
201410,03,-0.26055111973402684,233
201409,02,-2.2468487020699293,83
201409,16,-1.0281709852847067,8
201409,12,-0.74585652984948325,40
201409,13,-3.90492359932088,10
201409,09,-2.5657062975941334,6
201409,11,-1.8546620666577358,56
201409,06,-2.319185155737729,84
201409,01,-1.3958901571216671,92
201409,04,-0.2130385370703087,321
201409,03,-0.30240246379090419,291
201409,05,1.3670224551701973,124
201409,10,-1.5219623831963485,27
201409,07,0.22383793533468216,40
201409,08,-1.382819023502923,19
201409,17,-5.4536868501654769,78
201409,19,-4.3057302157514474,86
201408,12,-3.9291006022105663,50
201408,18,-4.21393841166936,4
201408,05,0.33547211163494667,73
201408,14,-5.7979797979797905,10
201408,01,0.23562955642195929,84
201408,11,-1.4619648366523217,36
201408,06,-1.4316130220137373,109
201408,02,-1.4086753635416522,88
201408,16,0.85370355038567269,20
201408,03,-1.500725770541623,108
201408,07,1.6277948587334201,20
201408,10,-7.30253353204173,10
201408,19,-0.1552722245344072,55
201408,04,0.37654486155222505,329
201408,08,-1.3691964569899726,49
201408,17,-4.3212618046691009,131
201408,13,-3.9344262295082,10
201407,17,-4.4779754459044891,83
201407,04,-0.79748868533237738,284
201407,06,-1.0021991195615649,167
201407,07,-0.77991336908110476,63
201407,16,-1.8192219679633865,16
201407,02,-2.4690546316049633,61
201407,19,-1.3020113194329366,28
201407,14,-0.46808022045315206,16
201407,12,-3.7421495337805966,46
201407,01,-0.62507661965752526,260
201407,09,0.2299864805528449,31
201407,05,0.63682391544180661,67
201407,03,-0.860747540573294,139
201407,11,-1.18455331883037,18
201407,08,0.040794544452539938,13
201406,18,-3.52112676056338,10
201406,05,-0.878176772324888,32
201406,01,-0.33070717909233155,93
201406,11,-1.7338720828915166,48
201406,07,-0.91158665246511972,63
201406,03,0.878828632988236,166
201406,19,-4.492208249576036,65
201406,02,-1.5109724698476374,18
201406,12,-2.872099695939426,31
201406,08,-0.5720225243368261,26
201406,04,-1.3259009069626755,255
201406,06,-0.44252002477827057,61
201406,09,1.44167758846658,2
201406,16,-6.26057529610829,10
201406,17,-4.9462328747272322,33
201405,15,-4.39501739502128,70
201405,13,-3.79100191645253,17
201405,02,-1.0242935703670297,46
201405,06,0.27707362159526877,146
201405,17,-4.343445255610721,156
201405,08,-0.64683253904628224,32
201405,18,-4.62937448332874,6
201405,19,-3.8416759417176158,38
201405,01,-1.8308549310408837,102
201405,04,-1.1377248203332606,320
201405,05,-1.1969627404567624,105
201405,14,0.38462544465369253,9
201405,10,-1.40845070422535,6
201405,11,-4.3238002971319309,80
201405,03,0.58820760149267,75
201405,07,-0.50313942567259906,107
201405,16,-0.85856690023356741,8
201405,12,-4.1708289386380786,34
201404,16,-7.8084560749577,30
201404,01,-1.2424974171471765,143
201404,18,-4.0240021950936,17
201404,08,-10.2272727272727,8
201404,07,-0.70466098063811433,54
201404,12,-3.4333971045109095,77
201404,09,-4.89544568491937,20
201404,02,-0.095416557915480413,74
201404,19,-8.0068040528917432,39
201404,06,-1.44071066508049,125
201404,03,-1.8682074054166637,140
201404,14,-2.53807106598985,4
201404,13,-3.122833553916935,20
201404,05,0.64719770304478785,105
201404,04,-0.95830417297031323,413
201404,11,1.2701417543063442,57
201404,17,-3.8312695331660804,132
201403,03,-0.44440495947640579,150
201403,09,-2.1038447382373255,62
201403,10,-0.068392701018134966,22
201403,11,-4.0505317552668689,97
201403,04,-1.95909068461057,647
201403,08,4.3431434931940247,12
201403,16,-1.28,1
201403,06,0.21488738639360391,145
201403,07,-0.040147081103064579,80
201403,01,-0.33098663808799583,178
201403,05,1.7277618054500754,224
201403,02,-4.5018743517698043,34
201403,19,-4.5965038749628411,111
201403,12,-1.0126819193529435,40
201403,17,-2.7780929935281562,111
201402,09,-2.6855778754095,20
201402,17,-4.9979306574455817,68
201402,01,0.061686794004322705,73
201402,08,-4.2531472476822954,13
201402,04,-1.5686601544342138,296
201402,18,-5.18754988028731,1
201402,02,-0.83078438417906808,19
201402,11,-2.9564490792442983,46
201402,03,-1.5526237066546589,39
201402,14,-10.2941176470588,10
201402,06,0.31492741243483624,64
201402,10,0.74487895716946,4
201402,07,-0.39546209016351996,18
201402,05,-0.98204973479854474,86
201402,19,-2.5398857316858177,20
200810,07,2.00242718446602,4
200809,01,1.148724157198735,5
200808,01,-0.443711624358615,6
200808,04,-0.84745762711864,10
200808,19,-1.82815356489945,10
200805,04,-1.49253731343283,10
200805,11,-4.83870967741939,10
200804,04,5.389265075413662,26
200804,17,-9.84682713347926,10
200804,11,-2.25352311360013,8
200803,11,-1.8109116529014333,20
200803,04,0.0,10
200801,04,-1.454898157129,2
200712,12,0.0,2
200711,05,2.71564788389637,20
200710,05,2.15827338129497,10
200709,07,-1.39968895800933,10
200706,04,0.0,3
200706,08,-6.86378035902851,10
200705,11,-4.45544554455445,8
200705,17,-7.61151035042827,20
200705,08,-7.61151035042827,20
200701,12,-0.67873303167421,10
200701,07,-0.67873303167421,10
200701,04,-1.000721970804205,15
200612,04,0.39701959121271663,30
200611,05,-5.06003430531732,5
200609,05,0.0,4
200608,04,1.70068027210884,8
200604,01,-4.94410943849146,8
200604,13,0.24271844660194,10
200603,17,-3.93700787401575,10
200603,11,-3.93700787401575,10
200602,05,3.59477124183007,10
200601,01,-2.18181818181818,2
200512,01,-2.24274406332454,2
200511,04,0.48240959455912669,12
200510,06,0.42432814710042,7
200508,02,-1.3151587040224841,10
200508,08,-1.3151587040224841,10
200507,19,-4.5484077541918282,13
200507,03,-5.1034770702476875,60
200507,02,-2.8775775193500959,12
200506,04,-1.33333333333333,10
200506,11,-3.02663438256658,10
200506,16,0.62794348508635,10
200506,12,0.62794348508635,10
200506,02,-1.33333333333333,10
200505,08,-3.2538562355076097,6
200505,05,-5.76923076923077,5
200505,19,-3.2538562355076097,12
200505,11,-6.0863722136111349,24
200505,16,-4.9219842294476432,30
200505,03,-5.76923076923077,5
200505,04,-5.76923076923077,10
200504,11,-3.138309470076917,28
200503,07,0.55555555555556,5
200503,17,-4.8111786182551484,45
200503,06,0.55555555555556,5
200503,05,-0.19685039370079,4
200503,04,-2.8757762918744065,54
